,bathymetry,coast_dist,legislation_TR,chlorophyl
bathymetry,1.000000000E+00,3.000000000E+00,2.000000000E+00,3.000000000E+00
coast_dist,3.333333333E-01,1.000000000E+00,2.000000000E+00,5.000000000E-01
legislation_TR,5.000000000E-01,5.000000000E-01,1.000000000E+00,5.000000000E-01
chlorophyl,3.333333333E-01,2.000000000E+00,2.000000000E+00,1.000000000E+00
