,bathymetry,coast_dist,legislation,trawl_fleet,seine_fleet,marine_traffic,chlorophyl
bathymetry,1.000000000E+00,2.000000000E+00,4.000000000E+00,5.000000000E+00,4.000000000E+00,4.000000000E+00,3.000000000E+00
coast_dist,5.000000000E-01,1.000000000E+00,6.000000000E+00,4.000000000E+00,4.000000000E+00,5.000000000E+00,5.000000000E+00
legislation,2.500000000E-01,1.666666667E-01,1.000000000E+00,1.000000000E+00,2.000000000E+00,1.000000000E+00,5.000000000E-01
trawl_fleet,2.000000000E-01,2.500000000E-01,1.000000000E+00,1.000000000E+00,3.000000000E+00,3.000000000E+00,5.000000000E-01
seine_fleet,2.500000000E-01,2.500000000E-01,5.000000000E-01,3.333333333E-01,1.000000000E+00,2.000000000E+00,3.333333333E-01
marine_traffic,2.500000000E-01,2.000000000E-01,1.000000000E+00,3.333333333E-01,5.000000000E-01,1.000000000E+00,1.000000000E+00
chlorophyl,3.333333333E-01,2.000000000E-01,2.000000000E+00,2.000000000E+00,3.000000000E+00,1.000000000E+00,1.000000000E+00
